date,source,image_id,pre_post,aoi_cloud_pct,tile_cloud_pct,aoi_covered,in_clean_set,flags
2016-01-05,sentinel2,S2A_MSIL2A_20160105T075212_N0500_R092_T37MCU_20231024T214209.SAFE,PRE,59.778225806451616,,True,False,OUT_OF_SEASON|HIGH_AOI_CLOUD|PRE_INTERVENTION
2016-01-25,sentinel2,S2A_MSIL2A_20160125T074212_N0500_R092_T37MCU_20231024T103539.SAFE,PRE,0.0,,True,True,OUT_OF_SEASON|PRE_INTERVENTION
2016-02-04,sentinel2,S2A_MSIL2A_20160204T075212_N0500_R092_T37MCU_20231029T091747.SAFE,PRE,,,True,False,NO_DATA
2016-02-14,sentinel2,S2A_MSIL2A_20160214T074022_N0500_R092_T37MCU_20231031T015703.SAFE,PRE,20.060483870967737,,True,False,OUT_OF_SEASON|HIGH_AOI_CLOUD|PRE_INTERVENTION
2016-03-05,sentinel2,S2A_MSIL2A_20160305T073812_N0500_R092_T37MCU_20231020T065115.SAFE,PRE,97.78225806451613,,True,False,OUT_OF_SEASON|HIGH_AOI_CLOUD|PRE_INTERVENTION
2016-03-15,sentinel2,S2A_MSIL2A_20160315T075212_N0500_R092_T37MCU_20231005T215428.SAFE,PRE,0.0,,True,True,OUT_OF_SEASON|PRE_INTERVENTION
2016-03-25,sentinel2,S2A_MSIL2A_20160325T073552_N0500_R092_T37MCU_20231020T095945.SAFE,PRE,6.1491935483871,,True,True,OUT_OF_SEASON|PRE_INTERVENTION
2016-04-14,sentinel2,S2A_MSIL2A_20160414T075212_N0500_R092_T37MCU_20231105T020718.SAFE,PRE,16.129032258064512,,True,True,OUT_OF_SEASON|PRE_INTERVENTION
2016-07-23,sentinel2,S2A_MSIL2A_20160723T073622_N0500_R092_T37MCU_20231007T185430.SAFE,PRE,0.0,,True,True,PRE_INTERVENTION
2016-08-02,sentinel2,S2A_MSIL2A_20160802T075222_N0500_R092_T37MCU_20231002T063552.SAFE,PRE,0.10080645161290036,,True,True,PRE_INTERVENTION
2016-08-22,sentinel2,S2A_MSIL2A_20160822T075212_N0500_R092_T37MCU_20231005T022044.SAFE,PRE,0.0,,True,True,PRE_INTERVENTION
2016-09-11,sentinel2,S2A_MSIL2A_20160911T075212_N0500_R092_T37MCU_20230929T112959.SAFE,PRE,70.16129032258065,,True,False,HIGH_AOI_CLOUD|PRE_INTERVENTION
2016-10-01,sentinel2,S2A_MSIL2A_20161001T075212_N0500_R092_T37MCU_20231028T075441.SAFE,PRE,100.0,,True,False,OUT_OF_SEASON|HIGH_AOI_CLOUD|PRE_INTERVENTION
2016-10-21,sentinel2,S2A_MSIL2A_20161021T075212_N0500_R092_T37MCU_20230927T074819.SAFE,PRE,2.318548387096775,,True,True,OUT_OF_SEASON|PRE_INTERVENTION
2016-10-31,sentinel2,S2A_MSIL2A_20161031T074042_N0500_R092_T37MCU_20230929T112712.SAFE,PRE,48.99193548387096,,True,False,OUT_OF_SEASON|HIGH_AOI_CLOUD|PRE_INTERVENTION
2016-11-30,sentinel2,S2A_MSIL2A_20161130T074252_N0500_R092_T37MCU_20231029T041717.SAFE,PRE,,,True,False,NO_DATA
2016-12-10,sentinel2,S2A_MSIL2A_20161210T074312_N0500_R092_T37MCU_20231021T141124.SAFE,PRE,100.0,,True,False,OUT_OF_SEASON|HIGH_AOI_CLOUD|PRE_INTERVENTION
2016-12-20,sentinel2,S2A_MSIL2A_20161220T075212_N0500_R092_T37MCU_20231027T044240.SAFE,PRE,0.0,,True,True,OUT_OF_SEASON|PRE_INTERVENTION
2017-01-19,sentinel2,S2A_MSIL2A_20170119T074231_N0500_R092_T37MCU_20231025T190352.SAFE,PRE,,,True,False,NO_DATA
2017-01-29,sentinel2,S2A_MSIL2A_20170129T075211_N0500_R092_T37MCU_20230926T171616.SAFE,PRE,0.0,,True,True,OUT_OF_SEASON|PRE_INTERVENTION
2017-02-08,sentinel2,S2A_MSIL2A_20170208T074051_N0500_R092_T37MCU_20231025T210902.SAFE,PRE,100.0,,True,False,OUT_OF_SEASON|HIGH_AOI_CLOUD|PRE_INTERVENTION
2017-02-18,sentinel2,S2A_MSIL2A_20170218T073941_N0500_R092_T37MCU_20231025T124941.SAFE,PRE,,,True,False,NO_DATA
2017-02-28,sentinel2,S2A_MSIL2A_20170228T075211_N0500_R092_T37MCU_20230927T135512.SAFE,PRE,73.68951612903226,,True,False,OUT_OF_SEASON|HIGH_AOI_CLOUD|PRE_INTERVENTION
2017-03-10,sentinel2,S2A_MSIL2A_20170310T073721_N0500_R092_T37MCU_20231024T145049.SAFE,PRE,0.0,,True,True,OUT_OF_SEASON|PRE_INTERVENTION
2017-03-20,sentinel2,S2A_MSIL2A_20170320T075201_N0500_R092_T37MCU_20230911T164805.SAFE,PRE,17.540322580645164,,True,True,OUT_OF_SEASON|PRE_INTERVENTION
2017-04-29,sentinel2,S2A_MSIL2A_20170429T075211_N0500_R092_T37MCU_20230918T061123.SAFE,PRE,96.6733870967742,,True,False,OUT_OF_SEASON|HIGH_AOI_CLOUD|PRE_INTERVENTION
2017-05-09,sentinel2,S2A_MSIL2A_20170509T073621_N0500_R092_T37MCU_20231111T071154.SAFE,PRE,42.43951612903226,,True,False,OUT_OF_SEASON|HIGH_AOI_CLOUD|PRE_INTERVENTION
2017-06-13,sentinel2,S2B_MSIL2A_20170613T075209_N0500_R092_T37MCU_20231009T061912.SAFE,PRE,,,True,False,NO_DATA
2017-06-23,sentinel2,S2B_MSIL2A_20170623T075209_N0500_R092_T37MCU_20231012T114838.SAFE,PRE,,,True,False,NO_DATA
2017-06-28,sentinel2,S2A_MSIL2A_20170628T075211_N0500_R092_T37MCU_20230913T135902.SAFE,PRE,81.65322580645162,,True,False,OUT_OF_SEASON|HIGH_AOI_CLOUD|PRE_INTERVENTION
2017-07-18,sentinel2,S2A_MSIL2A_20170718T075211_N0500_R092_T37MCU_20230911T214820.SAFE,PRE,,,True,False,NO_DATA
2017-08-12,sentinel2,S2B_MSIL2A_20170812T073609_N0500_R092_T37MCU_20231004T151359.SAFE,PRE,26.310483870967737,,True,False,HIGH_AOI_CLOUD|PRE_INTERVENTION
2017-08-17,sentinel2,S2A_MSIL2A_20170817T073611_N0500_R092_T37MCU_20231005T182149.SAFE,PRE,9.173387096774189,,True,True,PRE_INTERVENTION
2017-08-22,sentinel2,S2B_MSIL2A_20170822T075209_N0500_R092_T37MCU_20230829T173731.SAFE,PRE,,,True,False,NO_DATA
2017-08-27,sentinel2,S2A_MSIL2A_20170827T075211_N0500_R092_T37MCU_20230831T222100.SAFE,PRE,0.0,,True,True,PRE_INTERVENTION
2017-09-01,sentinel2,S2B_MSIL2A_20170901T073609_N0500_R092_T37MCU_20230927T135844.SAFE,PRE,,,True,False,NO_DATA
2017-09-06,sentinel2,S2A_MSIL2A_20170906T073611_N0500_R092_T37MCU_20230927T092732.SAFE,PRE,0.0,,True,True,PRE_INTERVENTION
2017-09-16,sentinel2,S2A_MSIL2A_20170916T075211_N0500_R092_T37MCU_20230829T191939.SAFE,PRE,66.83467741935483,,True,False,HIGH_AOI_CLOUD|PRE_INTERVENTION
2017-09-26,sentinel2,S2A_MSIL2A_20170926T073641_N0500_R092_T37MCU_20231015T013055.SAFE,PRE,0.0,,True,True,PRE_INTERVENTION
2017-10-01,sentinel2,S2B_MSIL2A_20171001T075159_N0500_R092_T37MCU_20230818T084511.SAFE,PRE,0.0,,True,True,OUT_OF_SEASON|PRE_INTERVENTION
2017-10-06,sentinel2,S2A_MSIL2A_20171006T075211_N0500_R092_T37MCU_20230829T130008.SAFE,PRE,0.0,,True,True,OUT_OF_SEASON|PRE_INTERVENTION
2017-10-11,sentinel2,S2B_MSIL2A_20171011T073819_N0500_R092_T37MCU_20231016T152933.SAFE,PRE,,,True,False,NO_DATA
2017-10-16,sentinel2,S2A_MSIL2A_20171016T073911_N0500_R092_T37MCU_20231013T205731.SAFE,PRE,,,True,False,NO_DATA
2017-10-31,sentinel2,S2B_MSIL2A_20171031T074029_N0500_R092_T37MCU_20231015T042419.SAFE,PRE,0.0,,True,True,OUT_OF_SEASON|PRE_INTERVENTION
2017-11-15,sentinel2,S2A_MSIL2A_20171115T075211_N0500_R092_T37MCU_20231013T164413.SAFE,PRE,69.25403225806453,,True,False,OUT_OF_SEASON|HIGH_AOI_CLOUD|PRE_INTERVENTION
2017-11-25,sentinel2,S2A_MSIL2A_20171125T074231_N0500_R092_T37MCU_20231018T175601.SAFE,PRE,2.4193548387096753,,True,True,OUT_OF_SEASON|PRE_INTERVENTION
2017-12-05,sentinel2,S2A_MSIL2A_20171205T075211_N0500_R092_T37MCU_20230807T070656.SAFE,PRE,97.07661290322581,,True,False,OUT_OF_SEASON|HIGH_AOI_CLOUD|PRE_INTERVENTION
2017-12-05,sentinel2,S2A_MSIL2A_20171205T075211_N0500_R092_T37MCU_20230908T082006.SAFE,PRE,97.07661290322581,,True,False,OUT_OF_SEASON|HIGH_AOI_CLOUD|PRE_INTERVENTION
2017-12-10,sentinel2,S2B_MSIL2A_20171210T074309_N0500_R092_T37MCU_20230925T083518.SAFE,PRE,2.5201612903225756,,True,True,OUT_OF_SEASON|PRE_INTERVENTION
2017-12-15,sentinel2,S2A_MSIL2A_20171215T074321_N0500_R092_T37MCU_20230923T062747.SAFE,PRE,87.80241935483872,,True,False,OUT_OF_SEASON|HIGH_AOI_CLOUD|PRE_INTERVENTION
2017-12-20,sentinel2,S2B_MSIL2A_20171220T074319_N0500_R092_T37MCU_20230926T055310.SAFE,PRE,0.0,,True,True,OUT_OF_SEASON|PRE_INTERVENTION
2017-12-25,sentinel2,S2A_MSIL2A_20171225T075211_N0500_R092_T37MCU_20230915T222223.SAFE,PRE,100.0,,True,False,OUT_OF_SEASON|HIGH_AOI_CLOUD|PRE_INTERVENTION
2018-01-09,sentinel2,S2B_MSIL2A_20180109T074259_N0500_R092_T37MCU_20230918T063341.SAFE,PRE,0.0,,True,True,OUT_OF_SEASON|PRE_INTERVENTION
2018-01-14,sentinel2,S2A_MSIL2A_20180114T075201_N0500_R092_T37MCU_20230918T120221.SAFE,PRE,0.0,,True,True,OUT_OF_SEASON|PRE_INTERVENTION
2018-01-19,sentinel2,S2B_MSIL2A_20180119T074229_N0500_R092_T37MCU_20230914T044658.SAFE,PRE,0.0,,True,True,OUT_OF_SEASON|PRE_INTERVENTION
2018-01-24,sentinel2,S2A_MSIL2A_20180124T074211_N0500_R092_T37MCU_20230919T145756.SAFE,PRE,0.40322580645161255,,True,True,OUT_OF_SEASON|PRE_INTERVENTION
2018-01-29,sentinel2,S2B_MSIL2A_20180129T074149_N0500_R092_T37MCU_20230919T141353.SAFE,PRE,0.0,,True,True,OUT_OF_SEASON|PRE_INTERVENTION
2018-02-08,sentinel2,S2B_MSIL2A_20180208T074049_N0500_R092_T37MCU_20230918T191927.SAFE,PRE,0.0,,True,True,OUT_OF_SEASON|PRE_INTERVENTION
2018-02-13,sentinel2,S2A_MSIL2A_20180213T074021_N0500_R092_T37MCU_20230907T113606.SAFE,PRE,0.10080645161290036,,True,True,OUT_OF_SEASON|PRE_INTERVENTION
2018-02-18,sentinel2,S2B_MSIL2A_20180218T073949_N0500_R092_T37MCU_20230801T210724.SAFE,PRE,0.0,,True,True,OUT_OF_SEASON|PRE_INTERVENTION
2018-02-23,sentinel2,S2A_MSIL2A_20180223T073911_N0500_R092_T37MCU_20230917T065354.SAFE,PRE,63.70967741935484,,True,False,OUT_OF_SEASON|HIGH_AOI_CLOUD|PRE_INTERVENTION
2018-02-28,sentinel2,S2B_MSIL2A_20180228T073829_N0500_R092_T37MCU_20230903T101856.SAFE,PRE,35.28225806451613,,True,False,OUT_OF_SEASON|HIGH_AOI_CLOUD|PRE_INTERVENTION
2018-03-10,sentinel2,S2B_MSIL2A_20180310T073719_N0500_R092_T37MCU_20230910T103919.SAFE,PRE,58.77016129032258,,True,False,OUT_OF_SEASON|HIGH_AOI_CLOUD|PRE_INTERVENTION
2018-03-25,sentinel2,S2A_MSIL2A_20180325T073611_N0500_R092_T37MCU_20230915T202142.SAFE,PRE,0.0,,True,True,OUT_OF_SEASON|PRE_INTERVENTION
2018-04-09,sentinel2,S2B_MSIL2A_20180409T073609_N0500_R092_T37MCU_20230907T040349.SAFE,PRE,0.0,,True,True,OUT_OF_SEASON|PRE_INTERVENTION
2018-04-19,sentinel2,S2B_MSIL2A_20180419T073609_N0500_R092_T37MCU_20230906T203351.SAFE,PRE,0.0,,True,True,OUT_OF_SEASON|PRE_INTERVENTION
2018-04-29,sentinel2,S2B_MSIL2A_20180429T073609_N0500_R092_T37MCU_20230910T015407.SAFE,PRE,36.89516129032258,,True,False,OUT_OF_SEASON|HIGH_AOI_CLOUD|PRE_INTERVENTION
2018-05-04,sentinel2,S2A_MSIL2A_20180504T073611_N0500_R092_T37MCU_20230903T173615.SAFE,PRE,89.81854838709677,,True,False,OUT_OF_SEASON|HIGH_AOI_CLOUD|PRE_INTERVENTION
2018-05-09,sentinel2,S2B_MSIL2A_20180509T073609_N0500_R092_T37MCU_20230829T081917.SAFE,PRE,96.875,,True,False,OUT_OF_SEASON|HIGH_AOI_CLOUD|PRE_INTERVENTION
2018-05-14,sentinel2,S2A_MSIL2A_20180514T073611_N0500_R092_T37MCU_20230906T023238.SAFE,PRE,0.0,,True,True,OUT_OF_SEASON|PRE_INTERVENTION
2018-05-24,sentinel2,S2A_MSIL2A_20180524T073731_N0500_R092_T37MCU_20230721T152355.SAFE,PRE,0.10080645161290036,,True,True,OUT_OF_SEASON|PRE_INTERVENTION
2018-05-29,sentinel2,S2B_MSIL2A_20180529T073609_N0500_R092_T37MCU_20230813T033604.SAFE,PRE,44.858870967741936,,True,False,OUT_OF_SEASON|HIGH_AOI_CLOUD|PRE_INTERVENTION
2018-06-23,sentinel2,S2A_MSIL2A_20180623T073611_N0500_R092_T37MCU_20230812T231421.SAFE,PRE,75.80645161290323,,True,False,OUT_OF_SEASON|HIGH_AOI_CLOUD|PRE_INTERVENTION
2018-06-28,sentinel2,S2B_MSIL2A_20180628T073609_N0500_R092_T37MCU_20230827T165104.SAFE,PRE,52.41935483870967,,True,False,OUT_OF_SEASON|HIGH_AOI_CLOUD|PRE_INTERVENTION
2018-07-08,sentinel2,S2B_MSIL2A_20180708T073609_N0500_R092_T37MCU_20230803T202752.SAFE,PRE,0.0,,True,True,PRE_INTERVENTION
2018-07-23,sentinel2,S2A_MSIL2A_20180723T073611_N0500_R092_T37MCU_20230812T152118.SAFE,PRE,0.0,,True,True,PRE_INTERVENTION
2018-07-28,sentinel2,S2B_MSIL2A_20180728T073609_N0500_R092_T37MCU_20230807T041424.SAFE,PRE,10.080645161290324,,True,True,PRE_INTERVENTION
2018-08-07,sentinel2,S2B_MSIL2A_20180807T073609_N0500_R092_T37MCU_20230802T230855.SAFE,PRE,0.0,,True,True,PRE_INTERVENTION
2018-08-27,sentinel2,S2B_MSIL2A_20180827T073719_N0500_R092_T37MCU_20230626T111729.SAFE,PRE,16.028225806451612,,True,True,PRE_INTERVENTION|NEAR_INTERVENTION
2018-09-11,sentinel2,S2A_MSIL2A_20180911T073611_N0500_R092_T37MCU_20230730T223619.SAFE,PRE,0.0,,True,True,PRE_INTERVENTION|NEAR_INTERVENTION
2018-09-16,sentinel2,S2B_MSIL2A_20180916T073609_N0500_R092_T37MCU_20230731T154628.SAFE,PRE,0.0,,True,True,PRE_INTERVENTION|NEAR_INTERVENTION
2018-09-26,sentinel2,S2B_MSIL2A_20180926T073639_N0500_R092_T37MCU_20230719T070305.SAFE,PRE,1.9153225806451624,,True,True,PRE_INTERVENTION|NEAR_INTERVENTION
2018-10-01,sentinel2,S2A_MSIL2A_20181001T073721_N0500_R092_T37MCU_20230728T025300.SAFE,PRE,0.0,,True,True,OUT_OF_SEASON|PRE_INTERVENTION|NEAR_INTERVENTION
2018-10-06,sentinel2,S2B_MSIL2A_20181006T073749_N0500_R092_T37MCU_20230706T000418.SAFE,PRE,11.693548387096776,,True,True,OUT_OF_SEASON|PRE_INTERVENTION|NEAR_INTERVENTION
2018-10-11,sentinel2,S2A_MSIL2A_20181011T073831_N0500_R092_T37MCU_20230730T082131.SAFE,PRE,1.814516129032262,,True,True,OUT_OF_SEASON|PRE_INTERVENTION|NEAR_INTERVENTION
2018-10-21,sentinel2,S2A_MSIL2A_20181021T073931_N0500_R092_T37MCU_20230816T074414.SAFE,POST,100.0,,True,False,OUT_OF_SEASON|HIGH_AOI_CLOUD|POST_INTERVENTION|NEAR_INTERVENTION
2018-10-31,sentinel2,S2A_MSIL2A_20181031T074041_N0500_R092_T37MCU_20230728T181848.SAFE,POST,0.0,,True,True,OUT_OF_SEASON|POST_INTERVENTION|NEAR_INTERVENTION
2018-11-05,sentinel2,S2B_MSIL2A_20181105T074109_N0500_R092_T37MCU_20230727T135835.SAFE,POST,0.0,,True,True,OUT_OF_SEASON|POST_INTERVENTION|NEAR_INTERVENTION
2018-11-10,sentinel2,S2A_MSIL2A_20181110T074131_N0500_R092_T37MCU_20230801T213744.SAFE,POST,2.318548387096775,,True,True,OUT_OF_SEASON|POST_INTERVENTION|NEAR_INTERVENTION
2018-11-15,sentinel2,S2B_MSIL2A_20181115T074159_N0500_R092_T37MCU_20230727T221907.SAFE,POST,7.76209677419355,,True,True,OUT_OF_SEASON|POST_INTERVENTION|NEAR_INTERVENTION
2018-11-25,sentinel2,S2B_MSIL2A_20181125T074239_N0500_R092_T37MCU_20230727T053719.SAFE,POST,100.0,,True,False,OUT_OF_SEASON|HIGH_AOI_CLOUD|POST_INTERVENTION|NEAR_INTERVENTION
2018-11-30,sentinel2,S2A_MSIL2A_20181130T074251_N0500_R092_T37MCU_20230728T044720.SAFE,POST,44.95967741935484,,True,False,OUT_OF_SEASON|HIGH_AOI_CLOUD|POST_INTERVENTION|NEAR_INTERVENTION
2018-12-05,sentinel2,S2B_MSIL2A_20181205T074259_N0500_R092_T37MCU_20230725T121712.SAFE,POST,42.943548387096776,,True,False,OUT_OF_SEASON|HIGH_AOI_CLOUD|POST_INTERVENTION|NEAR_INTERVENTION
2018-12-15,sentinel2,S2B_MSIL2A_20181215T074319_N0500_R092_T37MCU_20230725T111712.SAFE,POST,0.6048387096774244,,True,True,OUT_OF_SEASON|POST_INTERVENTION|NEAR_INTERVENTION
2018-12-25,sentinel2,S2B_MSIL2A_20181225T074329_N0500_R092_T37MCU_20230818T054250.SAFE,POST,84.67741935483872,,True,False,OUT_OF_SEASON|HIGH_AOI_CLOUD|POST_INTERVENTION
2018-12-30,sentinel2,S2A_MSIL2A_20181230T074321_N0500_R092_T37MCU_20230812T153431.SAFE,POST,9.173387096774189,,True,True,OUT_OF_SEASON|POST_INTERVENTION
2019-01-09,sentinel2,20190109T074301_20190109T074303_T37MCU,POST,0.0,25.793664,True,True,OUT_OF_SEASON|POST_INTERVENTION
2019-01-14,sentinel2,20190114T074249_20190114T075309_T37MCU,POST,0.41,32.672637,True,True,OUT_OF_SEASON|POST_INTERVENTION
2019-01-19,sentinel2,20190119T074231_20190119T074232_T37MCU,POST,44.55,18.483107,True,False,OUT_OF_SEASON|HIGH_AOI_CLOUD|POST_INTERVENTION
2019-01-24,sentinel2,20190124T074219_20190124T075700_T37MCU,POST,1.32,27.472905,True,True,OUT_OF_SEASON|POST_INTERVENTION
2019-01-29,sentinel2,20190129T074151_20190129T074148_T37MCU,POST,3.0,30.089311,True,True,OUT_OF_SEASON|POST_INTERVENTION
2019-02-03,sentinel2,20190203T074129_20190203T075653_T37MCU,POST,0.0,0.147365,True,True,OUT_OF_SEASON|POST_INTERVENTION
2019-02-13,sentinel2,20190213T074029_20190213T075212_T37MCU,POST,46.2,43.123174,True,False,OUT_OF_SEASON|HIGH_AOI_CLOUD|POST_INTERVENTION
2019-02-18,sentinel2,20190218T073951_20190218T075657_T37MCU,POST,0.0,2.871576,True,True,OUT_OF_SEASON|POST_INTERVENTION
2019-02-23,sentinel2,20190223T073919_20190223T075720_T37MCU,POST,56.73,58.644839,True,False,OUT_OF_SEASON|HIGH_AOI_CLOUD|POST_INTERVENTION
2019-02-28,sentinel2,20190228T073841_20190228T075022_T37MCU,POST,0.0,5.610144,True,True,OUT_OF_SEASON|POST_INTERVENTION
2019-03-05,sentinel2,20190305T073809_20190305T075314_T37MCU,POST,85.3,38.071763,True,False,OUT_OF_SEASON|HIGH_AOI_CLOUD|POST_INTERVENTION
2019-03-10,sentinel2,20190310T073731_20190310T074946_T37MCU,POST,91.7,4.298211,True,False,OUT_OF_SEASON|HIGH_AOI_CLOUD|POST_INTERVENTION
2019-03-15,sentinel2,20190315T073659_20190315T075846_T37MCU,POST,0.0,4.607158,True,True,OUT_OF_SEASON|POST_INTERVENTION
2019-03-20,sentinel2,20190320T073621_20190320T075937_T37MCU,POST,0.0,51.501714,True,True,OUT_OF_SEASON|POST_INTERVENTION
2019-03-25,sentinel2,20190325T073609_20190325T075425_T37MCU,POST,100.0,46.185814,True,False,OUT_OF_SEASON|HIGH_AOI_CLOUD|POST_INTERVENTION
2019-03-30,sentinel2,20190330T073611_20190330T075523_T37MCU,POST,17.11,12.758979,True,True,OUT_OF_SEASON|POST_INTERVENTION
2019-04-09,sentinel2,20190409T073611_20190409T075550_T37MCU,POST,0.0,26.589355,True,True,OUT_OF_SEASON|POST_INTERVENTION
2019-04-14,sentinel2,20190414T073619_20190414T080013_T37MCU,POST,0.41,28.244567,True,True,OUT_OF_SEASON|POST_INTERVENTION
2019-04-19,sentinel2,20190419T073621_20190419T075106_T37MCU,POST,6.15,27.37493,True,True,OUT_OF_SEASON|POST_INTERVENTION
2019-04-29,sentinel2,20190429T073621_20190429T075426_T37MCU,POST,0.2,29.219253,True,True,OUT_OF_SEASON|POST_INTERVENTION
2019-05-04,sentinel2,20190504T073619_20190504T075111_T37MCU,POST,10.53,54.275121,True,True,OUT_OF_SEASON|POST_INTERVENTION
2019-05-09,sentinel2,20190509T073621_20190509T075509_T37MCU,POST,92.18,41.690598,True,False,OUT_OF_SEASON|HIGH_AOI_CLOUD|POST_INTERVENTION
2019-06-08,sentinel2,20190608T073611_20190608T075532_T37MCU,POST,99.9,41.08463,True,False,OUT_OF_SEASON|HIGH_AOI_CLOUD|POST_INTERVENTION
2019-06-13,sentinel2,20190613T073619_20190613T075950_T37MCU,POST,0.0,42.773139,True,True,OUT_OF_SEASON|POST_INTERVENTION
2019-06-18,sentinel2,20190618T073621_20190618T074908_T37MCU,POST,100.0,44.054892,True,False,OUT_OF_SEASON|HIGH_AOI_CLOUD|POST_INTERVENTION
2019-06-23,sentinel2,20190623T073619_20190623T075723_T37MCU,POST,63.03,8.563253,True,False,OUT_OF_SEASON|HIGH_AOI_CLOUD|POST_INTERVENTION
2019-07-03,sentinel2,20190703T073619_20190703T075901_T37MCU,POST,99.9,59.51195,True,False,HIGH_AOI_CLOUD|POST_INTERVENTION
2019-07-18,sentinel2,20190718T073621_20190718T075419_T37MCU,POST,91.84,13.825846,True,False,HIGH_AOI_CLOUD|POST_INTERVENTION
2019-07-23,sentinel2,20190723T073619_20190723T075433_T37MCU,POST,0.0,31.30332,True,True,POST_INTERVENTION
2019-07-28,sentinel2,20190728T073621_20190728T075510_T37MCU,POST,98.77,46.356658,True,False,HIGH_AOI_CLOUD|POST_INTERVENTION
2019-08-17,sentinel2,20190817T073621_20190817T075016_T37MCU,POST,100.0,24.420012,True,False,HIGH_AOI_CLOUD|POST_INTERVENTION
2019-08-22,sentinel2,20190822T073619_20190822T075828_T37MCU,POST,7.07,39.487955,True,True,POST_INTERVENTION
2019-08-27,sentinel2,20190827T073611_20190827T075314_T37MCU,POST,13.94,38.513982,True,True,POST_INTERVENTION
2019-09-01,sentinel2,20190901T073619_20190901T075707_T37MCU,POST,69.97,53.102381,True,False,HIGH_AOI_CLOUD|POST_INTERVENTION
2019-09-06,sentinel2,20190906T073611_20190906T075543_T37MCU,POST,43.83,44.891103,True,False,HIGH_AOI_CLOUD|POST_INTERVENTION
2019-09-11,sentinel2,20190911T073619_20190911T075705_T37MCU,POST,98.48,51.153455,True,False,HIGH_AOI_CLOUD|POST_INTERVENTION
2019-09-16,sentinel2,20190916T073611_20190916T075413_T37MCU,POST,0.1,10.461137,True,True,POST_INTERVENTION
2019-09-21,sentinel2,20190921T073609_20190921T075739_T37MCU,POST,0.0,15.304899,True,True,POST_INTERVENTION
2019-10-01,sentinel2,20191001T073719_20191001T075338_T37MCU,POST,97.36,25.869671,True,False,OUT_OF_SEASON|HIGH_AOI_CLOUD|POST_INTERVENTION
2019-10-16,sentinel2,20191016T073911_20191016T075639_T37MCU,POST,1.22,7.35482,True,True,OUT_OF_SEASON|POST_INTERVENTION
2019-10-21,sentinel2,20191021T073939_20191021T075525_T37MCU,POST,37.4,34.40144,True,False,OUT_OF_SEASON|HIGH_AOI_CLOUD|POST_INTERVENTION
2019-11-10,sentinel2,20191110T074039_20191110T075831_T37MCU,POST,97.4,52.995252,True,False,OUT_OF_SEASON|HIGH_AOI_CLOUD|POST_INTERVENTION
2019-11-15,sentinel2,20191115T074201_20191115T075706_T37MCU,POST,18.74,22.941978,True,True,OUT_OF_SEASON|POST_INTERVENTION
2019-11-20,sentinel2,20191120T074119_20191120T075909_T37MCU,POST,94.48,43.029449,True,False,OUT_OF_SEASON|HIGH_AOI_CLOUD|POST_INTERVENTION
2019-11-30,sentinel2,20191130T074159_20191130T075316_T37MCU,POST,42.73,56.690048,True,False,OUT_OF_SEASON|HIGH_AOI_CLOUD|POST_INTERVENTION
2019-12-05,sentinel2,20191205T074311_20191205T075948_T37MCU,POST,3.23,57.030492,True,True,OUT_OF_SEASON|POST_INTERVENTION
2019-12-15,sentinel2,20191215T074321_20191215T075934_T37MCU,POST,16.06,40.120734,True,True,OUT_OF_SEASON|POST_INTERVENTION
2019-12-20,sentinel2,20191220T074229_20191220T075226_T37MCU,POST,0.61,13.644709,True,True,OUT_OF_SEASON|POST_INTERVENTION
2020-01-04,sentinel2,20200104T074311_20200104T074313_T37MCU,POST,72.98,28.310192,True,False,OUT_OF_SEASON|HIGH_AOI_CLOUD|POST_INTERVENTION
2020-01-09,sentinel2,20200109T074209_20200109T075339_T37MCU,POST,75.78,45.711008,True,False,OUT_OF_SEASON|HIGH_AOI_CLOUD|POST_INTERVENTION
2020-01-14,sentinel2,20200114T074251_20200114T075746_T37MCU,POST,53.54,49.455666,True,False,OUT_OF_SEASON|HIGH_AOI_CLOUD|POST_INTERVENTION
2020-01-19,sentinel2,20200119T074139_20200119T074934_T37MCU,POST,100.0,43.250284,True,False,OUT_OF_SEASON|HIGH_AOI_CLOUD|POST_INTERVENTION
2020-02-03,sentinel2,20200203T074121_20200203T075837_T37MCU,POST,2.03,27.707144,True,True,OUT_OF_SEASON|POST_INTERVENTION
2020-02-08,sentinel2,20200208T074009_20200208T075621_T37MCU,POST,5.53,28.391781,True,True,OUT_OF_SEASON|POST_INTERVENTION
2020-02-13,sentinel2,20200213T074021_20200213T075201_T37MCU,POST,92.8,53.677316,True,False,OUT_OF_SEASON|HIGH_AOI_CLOUD|POST_INTERVENTION
2020-02-28,sentinel2,20200228T073839_20200228T074928_T37MCU,POST,3.77,35.387511,True,True,OUT_OF_SEASON|POST_INTERVENTION
2020-03-09,sentinel2,20200309T073729_20200309T075547_T37MCU,POST,0.0,57.115734,True,True,OUT_OF_SEASON|POST_INTERVENTION
2020-03-14,sentinel2,20200314T073651_20200314T075348_T37MCU,POST,51.61,44.648886,True,False,OUT_OF_SEASON|HIGH_AOI_CLOUD|POST_INTERVENTION
2020-03-19,sentinel2,20200319T073619_20200319T075223_T37MCU,POST,96.07,53.510652,True,False,OUT_OF_SEASON|HIGH_AOI_CLOUD|POST_INTERVENTION
2020-03-24,sentinel2,20200324T073611_20200324T075501_T37MCU,POST,10.68,46.079491,True,True,OUT_OF_SEASON|POST_INTERVENTION
2020-04-03,sentinel2,20200403T073611_20200403T075522_T37MCU,POST,0.71,41.812745,True,True,OUT_OF_SEASON|POST_INTERVENTION
2020-04-08,sentinel2,20200408T073609_20200408T075331_T37MCU,POST,0.0,27.23648,True,True,OUT_OF_SEASON|POST_INTERVENTION
2020-04-13,sentinel2,20200413T073611_20200413T074903_T37MCU,POST,0.03,47.081108,True,True,OUT_OF_SEASON|POST_INTERVENTION
2020-04-28,sentinel2,20200428T073609_20200428T074848_T37MCU,POST,100.0,56.849957,True,False,OUT_OF_SEASON|HIGH_AOI_CLOUD|POST_INTERVENTION
2020-05-03,sentinel2,20200503T073621_20200503T075551_T37MCU,POST,100.0,55.528266,True,False,OUT_OF_SEASON|HIGH_AOI_CLOUD|POST_INTERVENTION
2020-05-13,sentinel2,20200513T073621_20200513T075311_T37MCU,POST,2.15,8.261913,True,True,OUT_OF_SEASON|POST_INTERVENTION
2020-05-18,sentinel2,20200518T073609_20200518T075715_T37MCU,POST,95.81,28.19406,True,False,OUT_OF_SEASON|HIGH_AOI_CLOUD|POST_INTERVENTION
2020-05-23,sentinel2,20200523T073621_20200523T075355_T37MCU,POST,49.97,25.776155,True,False,OUT_OF_SEASON|HIGH_AOI_CLOUD|POST_INTERVENTION
2020-05-28,sentinel2,20200528T073619_20200528T075944_T37MCU,POST,44.47,11.6904,True,False,OUT_OF_SEASON|HIGH_AOI_CLOUD|POST_INTERVENTION
2020-06-02,sentinel2,20200602T073621_20200602T075424_T37MCU,POST,8.88,3.535881,True,True,OUT_OF_SEASON|POST_INTERVENTION
2020-06-07,sentinel2,20200607T073619_20200607T075945_T37MCU,POST,1.7,41.302183,True,True,OUT_OF_SEASON|POST_INTERVENTION
2020-06-17,sentinel2,20200617T073619_20200617T075500_T37MCU,POST,100.0,51.72888,True,False,OUT_OF_SEASON|HIGH_AOI_CLOUD|POST_INTERVENTION
2020-06-22,sentinel2,20200622T073621_20200622T075753_T37MCU,POST,13.68,17.624968,True,True,OUT_OF_SEASON|POST_INTERVENTION
2020-06-27,sentinel2,20200627T073619_20200627T074902_T37MCU,POST,100.0,19.00997,True,False,OUT_OF_SEASON|HIGH_AOI_CLOUD|POST_INTERVENTION
2020-07-12,sentinel2,20200712T073621_20200712T075310_T37MCU,POST,72.66,13.019104,True,False,HIGH_AOI_CLOUD|POST_INTERVENTION
2020-08-01,sentinel2,20200801T073621_20200801T075033_T37MCU,POST,31.99,30.887532,True,False,HIGH_AOI_CLOUD|POST_INTERVENTION
2020-08-06,sentinel2,20200806T073619_20200806T074918_T37MCU,POST,87.49,15.804456,True,False,HIGH_AOI_CLOUD|POST_INTERVENTION
2020-08-11,sentinel2,20200811T073621_20200811T075652_T37MCU,POST,88.97,9.133241,True,False,HIGH_AOI_CLOUD|POST_INTERVENTION
2020-08-26,sentinel2,20200826T073619_20200826T075931_T37MCU,POST,0.61,19.078175,True,True,POST_INTERVENTION
2020-08-31,sentinel2,20200831T073621_20200831T075940_T37MCU,POST,0.0,0.127783,True,True,POST_INTERVENTION
2020-09-10,sentinel2,20200910T073621_20200910T074202_T37MCU,POST,100.0,28.624132,True,False,HIGH_AOI_CLOUD|POST_INTERVENTION
2020-10-05,sentinel2,20201005T073749_20201005T075242_T37MCU,POST,0.0,11.85722,True,True,OUT_OF_SEASON|POST_INTERVENTION
2020-10-10,sentinel2,20201010T073831_20201010T075617_T37MCU,POST,0.0,11.108653,True,True,OUT_OF_SEASON|POST_INTERVENTION
2020-10-15,sentinel2,20201015T073909_20201015T075443_T37MCU,POST,0.0,8.25767,True,True,OUT_OF_SEASON|POST_INTERVENTION
2020-10-25,sentinel2,20201025T074009_20201025T075442_T37MCU,POST,7.31,47.305049,True,True,OUT_OF_SEASON|POST_INTERVENTION
2020-11-19,sentinel2,20201119T074221_20201119T074219_T37MCU,POST,8.36,16.076887,True,True,OUT_OF_SEASON|POST_INTERVENTION
2020-11-24,sentinel2,20201124T074239_20201124T075516_T37MCU,POST,0.0,34.131484,True,True,OUT_OF_SEASON|POST_INTERVENTION
2020-12-04,sentinel2,20201204T074309_20201204T075545_T37MCU,POST,47.41,46.843925,True,False,OUT_OF_SEASON|HIGH_AOI_CLOUD|POST_INTERVENTION
2020-12-09,sentinel2,20201209T074311_20201209T075715_T37MCU,POST,34.59,46.633149,True,False,OUT_OF_SEASON|HIGH_AOI_CLOUD|POST_INTERVENTION
2020-12-14,sentinel2,20201214T074229_20201214T075506_T37MCU,POST,0.0,2.495937,True,True,OUT_OF_SEASON|POST_INTERVENTION
2020-12-19,sentinel2,20201219T074331_20201219T074327_T37MCU,POST,88.62,37.726404,True,False,OUT_OF_SEASON|HIGH_AOI_CLOUD|POST_INTERVENTION
2021-01-03,sentinel2,20210103T074219_20210103T075503_T37MCU,POST,0.0,10.706945,True,True,OUT_OF_SEASON|POST_INTERVENTION
2021-01-08,sentinel2,20210108T074311_20210108T074309_T37MCU,POST,0.0,9.817811,True,True,OUT_OF_SEASON|POST_INTERVENTION
2021-01-13,sentinel2,20210113T074159_20210113T075439_T37MCU,POST,0.3,54.805082,True,True,OUT_OF_SEASON|POST_INTERVENTION
2021-01-18,sentinel2,20210118T074241_20210118T074239_T37MCU,POST,0.0,17.036426,True,True,OUT_OF_SEASON|POST_INTERVENTION
2021-01-28,sentinel2,20210128T074201_20210128T074159_T37MCU,POST,0.0,13.49117,True,True,OUT_OF_SEASON|POST_INTERVENTION
2021-02-02,sentinel2,20210202T074029_20210202T075440_T37MCU,POST,0.0,0.443781,True,True,OUT_OF_SEASON|POST_INTERVENTION
2021-02-27,sentinel2,20210227T073851_20210227T074158_T37MCU,POST,0.0,0.0,True,True,OUT_OF_SEASON|POST_INTERVENTION
2021-03-09,sentinel2,20210309T073741_20210309T074158_T37MCU,POST,96.01,34.183444,True,False,OUT_OF_SEASON|HIGH_AOI_CLOUD|POST_INTERVENTION
2021-03-14,sentinel2,20210314T073659_20210314T075439_T37MCU,POST,100.0,27.095774,True,False,OUT_OF_SEASON|HIGH_AOI_CLOUD|POST_INTERVENTION
2021-03-19,sentinel2,20210319T073621_20210319T074157_T37MCU,POST,0.0,29.185762,True,True,OUT_OF_SEASON|POST_INTERVENTION
2021-03-24,sentinel2,20210324T073609_20210324T075004_T37MCU,POST,91.5,25.991331,True,False,OUT_OF_SEASON|HIGH_AOI_CLOUD|POST_INTERVENTION
2021-03-29,sentinel2,20210329T073611_20210329T074156_T37MCU,POST,21.17,10.156287,True,False,OUT_OF_SEASON|HIGH_AOI_CLOUD|POST_INTERVENTION
2021-04-03,sentinel2,20210403T073609_20210403T075438_T37MCU,POST,1.81,53.395685,True,True,OUT_OF_SEASON|POST_INTERVENTION
2021-04-08,sentinel2,20210408T073611_20210408T074154_T37MCU,POST,3.05,45.855658,True,True,OUT_OF_SEASON|POST_INTERVENTION
2021-04-13,sentinel2,20210413T073609_20210413T075436_T37MCU,POST,0.03,45.798753,True,True,OUT_OF_SEASON|POST_INTERVENTION
2021-04-18,sentinel2,20210418T073611_20210418T074153_T37MCU,POST,40.73,51.353405,True,False,OUT_OF_SEASON|HIGH_AOI_CLOUD|POST_INTERVENTION
2021-05-03,sentinel2,20210503T073609_20210503T075436_T37MCU,POST,4.21,40.802208,True,True,OUT_OF_SEASON|POST_INTERVENTION
2021-05-08,sentinel2,20210508T073611_20210508T074157_T37MCU,POST,100.0,53.643879,True,False,OUT_OF_SEASON|HIGH_AOI_CLOUD|POST_INTERVENTION
2021-06-02,sentinel2,20210602T073619_20210602T075821_T37MCU,POST,0.0,6.716414,True,True,OUT_OF_SEASON|POST_INTERVENTION
2021-06-07,sentinel2,20210607T073611_20210607T075618_T37MCU,POST,4.47,56.206946,True,True,OUT_OF_SEASON|POST_INTERVENTION
2021-07-07,sentinel2,20210707T073621_20210707T074201_T37MCU,POST,100.0,24.575735,True,False,HIGH_AOI_CLOUD|POST_INTERVENTION
2021-07-12,sentinel2,20210712T073619_20210712T075442_T37MCU,POST,100.0,53.898516,True,False,HIGH_AOI_CLOUD|POST_INTERVENTION
2021-07-22,sentinel2,20210722T073619_20210722T075442_T37MCU,POST,0.0,25.828683,True,True,POST_INTERVENTION
2021-07-27,sentinel2,20210727T073621_20210727T074201_T37MCU,POST,98.94,29.498754,True,False,HIGH_AOI_CLOUD|POST_INTERVENTION
2021-08-21,sentinel2,20210821T073609_20210821T075439_T37MCU,POST,0.0,7.955737,True,True,POST_INTERVENTION
2021-08-26,sentinel2,20210826T073611_20210826T074200_T37MCU,POST,0.0,10.542003,True,True,POST_INTERVENTION
2021-08-31,sentinel2,20210831T073609_20210831T075437_T37MCU,POST,100.0,55.892499,True,False,HIGH_AOI_CLOUD|POST_INTERVENTION
2021-09-05,sentinel2,20210905T073611_20210905T074159_T37MCU,POST,100.0,38.82159,True,False,HIGH_AOI_CLOUD|POST_INTERVENTION
2021-09-15,sentinel2,20210915T073611_20210915T074159_T37MCU,POST,1.02,51.103474,True,True,POST_INTERVENTION
2021-09-25,sentinel2,20210925T073641_20210925T074201_T37MCU,POST,0.0,25.215198,True,True,POST_INTERVENTION
2021-10-05,sentinel2,20211005T073751_20211005T075623_T37MCU,POST,14.88,55.023015,True,True,OUT_OF_SEASON|POST_INTERVENTION
2021-10-15,sentinel2,20211015T073901_20211015T074204_T37MCU,POST,0.0,0.997688,True,True,OUT_OF_SEASON|POST_INTERVENTION
2021-10-25,sentinel2,20211025T074011_20211025T074204_T37MCU,POST,0.0,2.107083,True,True,OUT_OF_SEASON|POST_INTERVENTION
2021-10-30,sentinel2,20211030T074009_20211030T075439_T37MCU,POST,0.0,36.219196,True,True,OUT_OF_SEASON|POST_INTERVENTION
2021-11-04,sentinel2,20211104T074111_20211104T074204_T37MCU,POST,0.0,26.22859,True,True,OUT_OF_SEASON|POST_INTERVENTION
2021-11-09,sentinel2,20211109T074039_20211109T075440_T37MCU,POST,0.0,3.321064,True,True,OUT_OF_SEASON|POST_INTERVENTION
2021-11-14,sentinel2,20211114T074151_20211114T074201_T37MCU,POST,90.25,36.087698,True,False,OUT_OF_SEASON|HIGH_AOI_CLOUD|POST_INTERVENTION
2021-11-19,sentinel2,20211119T074119_20211119T075439_T37MCU,POST,0.0,17.659411,True,True,OUT_OF_SEASON|POST_INTERVENTION
2021-11-24,sentinel2,20211124T074241_20211124T074235_T37MCU,POST,0.0,7.742025,True,True,OUT_OF_SEASON|POST_INTERVENTION
2021-11-29,sentinel2,20211129T074149_20211129T075437_T37MCU,POST,100.0,45.138243,True,False,OUT_OF_SEASON|HIGH_AOI_CLOUD|POST_INTERVENTION
2021-12-09,sentinel2,20211209T074219_20211209T075457_T37MCU,POST,100.0,33.469565,True,False,OUT_OF_SEASON|HIGH_AOI_CLOUD|POST_INTERVENTION
2021-12-19,sentinel2,20211219T074229_20211219T075507_T37MCU,POST,54.79,35.694553,True,False,OUT_OF_SEASON|HIGH_AOI_CLOUD|POST_INTERVENTION
2021-12-24,sentinel2,20211224T074331_20211224T074330_T37MCU,POST,100.0,37.438667,True,False,OUT_OF_SEASON|HIGH_AOI_CLOUD|POST_INTERVENTION
2021-12-29,sentinel2,20211229T074229_20211229T075506_T37MCU,POST,11.42,20.923269,True,True,OUT_OF_SEASON|POST_INTERVENTION
2022-01-03,sentinel2,20220103T074321_20220103T074320_T37MCU,POST,0.0,3.975057,True,True,OUT_OF_SEASON|POST_INTERVENTION
2022-01-08,sentinel2,20220108T074209_20220108T075450_T37MCU,POST,100.0,47.178582,True,False,OUT_OF_SEASON|HIGH_AOI_CLOUD|POST_INTERVENTION
2022-01-13,sentinel2,20220113T074301_20220113T074257_T37MCU,POST,0.0,1.001128,True,True,OUT_OF_SEASON|POST_INTERVENTION
2022-01-23,sentinel2,20220123T074221_20220123T075720_T37MCU,POST,0.0,37.070544,True,True,OUT_OF_SEASON|POST_INTERVENTION
2022-01-28,sentinel2,20220128T074049_20220128T075232_T37MCU,POST,0.0,0.789951,True,True,OUT_OF_SEASON|POST_INTERVENTION
2022-02-12,sentinel2,20220212T074031_20220212T075549_T37MCU,POST,0.7,21.018179,True,True,OUT_OF_SEASON|POST_INTERVENTION
2022-02-17,sentinel2,20220217T073949_20220217T075434_T37MCU,POST,0.0,15.099071,True,True,OUT_OF_SEASON|POST_INTERVENTION
2022-02-27,sentinel2,20220227T073849_20220227T075436_T37MCU,POST,0.0,0.574796,True,True,OUT_OF_SEASON|POST_INTERVENTION
2022-03-04,sentinel2,20220304T073821_20220304T074203_T37MCU,POST,0.0,19.535698,True,True,OUT_OF_SEASON|POST_INTERVENTION
2022-03-09,sentinel2,20220309T073739_20220309T075438_T37MCU,POST,23.16,16.461492,True,False,OUT_OF_SEASON|HIGH_AOI_CLOUD|POST_INTERVENTION
2022-03-14,sentinel2,20220314T073711_20220314T074201_T37MCU,POST,0.0,10.393128,True,True,OUT_OF_SEASON|POST_INTERVENTION
2022-03-19,sentinel2,20220319T073629_20220319T075418_T37MCU,POST,19.38,10.911238,True,True,OUT_OF_SEASON|POST_INTERVENTION
2022-03-24,sentinel2,20220324T073621_20220324T074201_T37MCU,POST,39.48,50.941992,True,False,OUT_OF_SEASON|HIGH_AOI_CLOUD|POST_INTERVENTION
2022-04-08,sentinel2,20220408T073609_20220408T075437_T37MCU,POST,90.5,44.494352,True,False,OUT_OF_SEASON|HIGH_AOI_CLOUD|POST_INTERVENTION
2022-04-13,sentinel2,20220413T073621_20220413T074201_T37MCU,POST,91.71,31.885204,True,False,OUT_OF_SEASON|HIGH_AOI_CLOUD|POST_INTERVENTION
2022-04-18,sentinel2,20220418T073609_20220418T075436_T37MCU,POST,64.26,53.854126,True,False,OUT_OF_SEASON|HIGH_AOI_CLOUD|POST_INTERVENTION
2022-05-08,sentinel2,20220508T073609_20220508T075436_T37MCU,POST,0.0,18.158035,True,True,OUT_OF_SEASON|POST_INTERVENTION
2022-05-13,sentinel2,20220513T073621_20220513T075444_T37MCU,POST,19.3,48.713148,True,True,OUT_OF_SEASON|POST_INTERVENTION
2022-05-23,sentinel2,20220523T073621_20220523T075447_T37MCU,POST,0.0,5.643465,True,True,OUT_OF_SEASON|POST_INTERVENTION
2022-06-07,sentinel2,20220607T073619_20220607T075441_T37MCU,POST,100.0,47.815272,True,False,OUT_OF_SEASON|HIGH_AOI_CLOUD|POST_INTERVENTION
2022-06-17,sentinel2,20220617T073619_20220617T075444_T37MCU,POST,100.0,44.497576,True,False,OUT_OF_SEASON|HIGH_AOI_CLOUD|POST_INTERVENTION
2022-07-02,sentinel2,20220702T073631_20220702T075453_T37MCU,POST,83.89,15.898398,True,False,HIGH_AOI_CLOUD|POST_INTERVENTION
2022-08-06,sentinel2,20220806T073619_20220806T075444_T37MCU,POST,100.0,45.864755,True,False,HIGH_AOI_CLOUD|POST_INTERVENTION
2022-08-21,sentinel2,20220821T073631_20220821T075453_T37MCU,POST,0.0,25.422457,True,True,POST_INTERVENTION
2022-09-05,sentinel2,20220905T073619_20220905T075441_T37MCU,POST,0.0,38.857672,True,True,POST_INTERVENTION
2022-09-10,sentinel2,20220910T073621_20220910T075451_T37MCU,POST,0.0,11.523605,True,True,POST_INTERVENTION
2022-10-05,sentinel2,20221005T073739_20221005T075436_T37MCU,POST,100.0,54.159814,True,False,OUT_OF_SEASON|HIGH_AOI_CLOUD|POST_INTERVENTION
2022-10-10,sentinel2,20221010T073831_20221010T075445_T37MCU,POST,4.26,25.295305,True,True,OUT_OF_SEASON|POST_INTERVENTION
2022-10-15,sentinel2,20221015T073859_20221015T075439_T37MCU,POST,0.0,6.022369,True,True,OUT_OF_SEASON|POST_INTERVENTION
2022-10-20,sentinel2,20221020T073931_20221020T075442_T37MCU,POST,100.0,48.768416,True,False,OUT_OF_SEASON|HIGH_AOI_CLOUD|POST_INTERVENTION
2022-10-25,sentinel2,20221025T073959_20221025T075439_T37MCU,POST,0.0,21.963477,True,True,OUT_OF_SEASON|POST_INTERVENTION
2022-11-29,sentinel2,20221129T074251_20221129T075520_T37MCU,POST,6.64,57.126802,True,True,OUT_OF_SEASON|POST_INTERVENTION
2022-12-04,sentinel2,20221204T074209_20221204T075449_T37MCU,POST,98.95,52.398896,True,False,OUT_OF_SEASON|HIGH_AOI_CLOUD|POST_INTERVENTION
2022-12-09,sentinel2,20221209T074321_20221209T075546_T37MCU,POST,100.0,36.203748,True,False,OUT_OF_SEASON|HIGH_AOI_CLOUD|POST_INTERVENTION
2022-12-19,sentinel2,20221219T074331_20221219T075556_T37MCU,POST,25.77,8.078709,True,False,OUT_OF_SEASON|HIGH_AOI_CLOUD|POST_INTERVENTION
2022-12-24,sentinel2,20221224T074229_20221224T075513_T37MCU,POST,100.0,53.200978,True,False,OUT_OF_SEASON|HIGH_AOI_CLOUD|POST_INTERVENTION
2022-12-29,sentinel2,20221229T074321_20221229T075554_T37MCU,POST,4.56,52.232194,True,True,OUT_OF_SEASON|POST_INTERVENTION
2023-01-08,sentinel2,20230108T074311_20230108T075537_T37MCU,POST,56.16,56.152552,True,False,OUT_OF_SEASON|HIGH_AOI_CLOUD|POST_INTERVENTION
2023-01-13,sentinel2,20230113T074159_20230113T075436_T37MCU,POST,20.92,32.20776,True,False,OUT_OF_SEASON|HIGH_AOI_CLOUD|POST_INTERVENTION
2023-01-18,sentinel2,20230118T074231_20230118T075504_T37MCU,POST,0.0,0.0,True,True,OUT_OF_SEASON|POST_INTERVENTION
2023-01-28,sentinel2,20230128T074151_20230128T075439_T37MCU,POST,0.0,25.858819,True,True,OUT_OF_SEASON|POST_INTERVENTION
2023-02-02,sentinel2,20230202T074029_20230202T075438_T37MCU,POST,0.0,22.450307,True,True,OUT_OF_SEASON|POST_INTERVENTION
2023-02-07,sentinel2,20230207T074101_20230207T075440_T37MCU,POST,0.0,2.102554,True,True,OUT_OF_SEASON|POST_INTERVENTION
2023-02-12,sentinel2,20230212T074009_20230212T075436_T37MCU,POST,0.0,20.85795,True,True,OUT_OF_SEASON|POST_INTERVENTION
2023-02-17,sentinel2,20230217T074001_20230217T075436_T37MCU,POST,18.18,37.865257,True,True,OUT_OF_SEASON|POST_INTERVENTION
2023-02-22,sentinel2,20230222T073929_20230222T075440_T37MCU,POST,0.0,8.574384,True,True,OUT_OF_SEASON|POST_INTERVENTION
2023-03-04,sentinel2,20230304T073819_20230304T075710_T37MCU,POST,35.95,24.845432,True,False,OUT_OF_SEASON|HIGH_AOI_CLOUD|POST_INTERVENTION
2023-03-09,sentinel2,20230309T073731_20230309T075805_T37MCU,POST,0.0,0.493173,True,True,OUT_OF_SEASON|POST_INTERVENTION
2023-03-19,sentinel2,20230319T073621_20230319T075437_T37MCU,POST,100.0,53.645778,True,False,OUT_OF_SEASON|HIGH_AOI_CLOUD|POST_INTERVENTION
2023-03-24,sentinel2,20230324T073619_20230324T075720_T37MCU,POST,100.0,59.988672,True,False,OUT_OF_SEASON|HIGH_AOI_CLOUD|POST_INTERVENTION
2023-04-23,sentinel2,20230423T073619_20230423T075442_T37MCU,POST,23.44,46.595594,True,False,OUT_OF_SEASON|HIGH_AOI_CLOUD|POST_INTERVENTION
2023-05-13,sentinel2,20230513T073619_20230513T075443_T37MCU,POST,100.0,47.180495,True,False,OUT_OF_SEASON|HIGH_AOI_CLOUD|POST_INTERVENTION
2023-05-23,sentinel2,20230523T073619_20230523T075441_T37MCU,POST,100.0,57.761544,True,False,OUT_OF_SEASON|HIGH_AOI_CLOUD|POST_INTERVENTION
2023-05-28,sentinel2,20230528T073621_20230528T075440_T37MCU,POST,98.96,42.484936,True,False,OUT_OF_SEASON|HIGH_AOI_CLOUD|POST_INTERVENTION
2023-06-02,sentinel2,20230602T073619_20230602T075440_T37MCU,POST,0.0,10.417404,True,True,OUT_OF_SEASON|POST_INTERVENTION
2023-06-07,sentinel2,20230607T073621_20230607T075440_T37MCU,POST,0.0,7.141081,True,True,OUT_OF_SEASON|POST_INTERVENTION
2023-06-12,sentinel2,20230612T073619_20230612T075442_T37MCU,POST,0.0,56.692737,True,True,OUT_OF_SEASON|POST_INTERVENTION
2023-07-07,sentinel2,20230707T073621_20230707T075442_T37MCU,POST,100.0,51.282477,True,False,HIGH_AOI_CLOUD|POST_INTERVENTION
2023-07-22,sentinel2,20230722T073619_20230722T075442_T37MCU,POST,100.0,47.72189,True,False,HIGH_AOI_CLOUD|POST_INTERVENTION
2023-07-27,sentinel2,20230727T073621_20230727T075808_T37MCU,POST,100.0,18.220338,True,False,HIGH_AOI_CLOUD|POST_INTERVENTION
2023-08-26,sentinel2,20230826T073621_20230826T074940_T37MCU,POST,0.0,1.239146,True,True,POST_INTERVENTION
2023-09-05,sentinel2,20230905T073621_20230905T074939_T37MCU,POST,62.98,19.212863,True,False,HIGH_AOI_CLOUD|POST_INTERVENTION
2023-09-10,sentinel2,20230910T073619_20230910T074832_T37MCU,POST,86.1,15.115352,True,False,HIGH_AOI_CLOUD|POST_INTERVENTION
2023-09-20,sentinel2,20230920T073619_20230920T075845_T37MCU,POST,64.35,19.379358,True,False,HIGH_AOI_CLOUD|POST_INTERVENTION
2023-09-25,sentinel2,20230925T073641_20230925T075645_T37MCU,POST,0.0,4.286359,True,True,POST_INTERVENTION
2023-10-10,sentinel2,20231010T073829_20231010T075331_T37MCU,POST,0.0,3.120919,True,True,OUT_OF_SEASON|POST_INTERVENTION
2023-10-15,sentinel2,20231015T073901_20231015T075641_T37MCU,POST,100.0,49.031931,True,False,OUT_OF_SEASON|HIGH_AOI_CLOUD|POST_INTERVENTION
2023-10-20,sentinel2,20231020T073929_20231020T075438_T37MCU,POST,0.0,36.636794,True,True,OUT_OF_SEASON|POST_INTERVENTION
2023-10-25,sentinel2,20231025T074001_20231025T075642_T37MCU,POST,100.0,57.474262,True,False,OUT_OF_SEASON|HIGH_AOI_CLOUD|POST_INTERVENTION
2023-11-29,sentinel2,20231129T074159_20231129T075431_T37MCU,POST,0.0,6.125524,True,True,OUT_OF_SEASON|POST_INTERVENTION
2023-12-04,sentinel2,20231204T074301_20231204T075524_T37MCU,POST,0.0,54.421049,True,True,OUT_OF_SEASON|POST_INTERVENTION
2023-12-24,sentinel2,20231224T074331_20231224T075553_T37MCU,POST,68.59,31.847993,True,False,OUT_OF_SEASON|HIGH_AOI_CLOUD|POST_INTERVENTION
2023-12-29,sentinel2,20231229T074239_20231229T075500_T37MCU,POST,48.96,41.613209,True,False,OUT_OF_SEASON|HIGH_AOI_CLOUD|POST_INTERVENTION
2024-01-03,sentinel2,20240103T074321_20240103T075543_T37MCU,POST,45.19,28.660688,True,False,OUT_OF_SEASON|HIGH_AOI_CLOUD|POST_INTERVENTION
2024-01-08,sentinel2,20240108T074219_20240108T075440_T37MCU,POST,100.0,50.699675,True,False,OUT_OF_SEASON|HIGH_AOI_CLOUD|POST_INTERVENTION
2024-01-23,sentinel2,20240123T074211_20240123T075513_T37MCU,POST,0.0,11.297835,True,True,OUT_OF_SEASON|POST_INTERVENTION
2024-01-28,sentinel2,20240128T074059_20240128T075432_T37MCU,POST,100.0,42.415991,True,False,OUT_OF_SEASON|HIGH_AOI_CLOUD|POST_INTERVENTION
2024-02-02,sentinel2,20240202T074131_20240202T075430_T37MCU,POST,100.0,46.656865,True,False,OUT_OF_SEASON|HIGH_AOI_CLOUD|POST_INTERVENTION
2024-02-07,sentinel2,20240207T074009_20240207T075435_T37MCU,POST,0.0,47.888762,True,True,OUT_OF_SEASON|POST_INTERVENTION
2024-02-12,sentinel2,20240212T074031_20240212T075431_T37MCU,POST,0.0,44.332242,True,True,OUT_OF_SEASON|POST_INTERVENTION
2024-02-17,sentinel2,20240217T074009_20240217T075437_T37MCU,POST,28.24,43.705916,True,False,OUT_OF_SEASON|HIGH_AOI_CLOUD|POST_INTERVENTION
2024-02-22,sentinel2,20240222T073931_20240222T075432_T37MCU,POST,0.8,41.258946,True,True,OUT_OF_SEASON|POST_INTERVENTION
2024-02-27,sentinel2,20240227T073859_20240227T075435_T37MCU,POST,100.0,46.326175,True,False,OUT_OF_SEASON|HIGH_AOI_CLOUD|POST_INTERVENTION
2024-03-03,sentinel2,20240303T073821_20240303T075437_T37MCU,POST,39.5,22.509395,True,False,OUT_OF_SEASON|HIGH_AOI_CLOUD|POST_INTERVENTION
2024-03-08,sentinel2,20240308T073739_20240308T075756_T37MCU,POST,0.0,9.763806,True,True,OUT_OF_SEASON|POST_INTERVENTION
2024-03-13,sentinel2,20240313T073711_20240313T075700_T37MCU,POST,11.66,31.258079,True,True,OUT_OF_SEASON|POST_INTERVENTION
2024-03-18,sentinel2,20240318T073629_20240318T080000_T37MCU,POST,8.33,35.507211,True,True,OUT_OF_SEASON|POST_INTERVENTION
2024-03-23,sentinel2,20240323T073611_20240323T075510_T37MCU,POST,70.33,33.087617,True,False,OUT_OF_SEASON|HIGH_AOI_CLOUD|POST_INTERVENTION
2024-04-07,sentinel2,20240407T073609_20240407T075435_T37MCU,POST,0.0,33.000442,True,True,OUT_OF_SEASON|POST_INTERVENTION
2024-04-12,sentinel2,20240412T073611_20240412T075550_T37MCU,POST,50.02,47.439823,True,False,OUT_OF_SEASON|HIGH_AOI_CLOUD|POST_INTERVENTION
2024-04-17,sentinel2,20240417T073619_20240417T075438_T37MCU,POST,97.56,41.918138,True,False,OUT_OF_SEASON|HIGH_AOI_CLOUD|POST_INTERVENTION
2024-04-22,sentinel2,20240422T073621_20240422T075353_T37MCU,POST,0.0,21.921282,True,True,OUT_OF_SEASON|POST_INTERVENTION
2024-04-27,sentinel2,20240427T073609_20240427T075435_T37MCU,POST,0.77,49.99772,True,True,OUT_OF_SEASON|POST_INTERVENTION
2024-05-12,sentinel2,20240512T073621_20240512T075440_T37MCU,POST,39.56,57.498574,True,False,OUT_OF_SEASON|HIGH_AOI_CLOUD|POST_INTERVENTION
2024-05-22,sentinel2,20240522T073611_20240522T075128_T37MCU,POST,100.0,43.734586,True,False,OUT_OF_SEASON|HIGH_AOI_CLOUD|POST_INTERVENTION
2024-05-27,sentinel2,20240527T073609_20240527T075436_T37MCU,POST,0.0,15.800671,True,True,OUT_OF_SEASON|POST_INTERVENTION
2024-06-01,sentinel2,20240601T075531_20240601T075819_T37MCU,POST,99.49,16.070886,True,False,OUT_OF_SEASON|HIGH_AOI_CLOUD|POST_INTERVENTION
2024-06-11,sentinel2,20240611T073621_20240611T075436_T37MCU,POST,33.2,21.238881,True,False,OUT_OF_SEASON|HIGH_AOI_CLOUD|POST_INTERVENTION
2024-06-16,sentinel2,20240616T073619_20240616T075439_T37MCU,POST,100.0,1.236711,True,False,OUT_OF_SEASON|HIGH_AOI_CLOUD|POST_INTERVENTION
2024-06-21,sentinel2,20240621T073621_20240621T075431_T37MCU,POST,17.92,56.492263,True,True,OUT_OF_SEASON|POST_INTERVENTION
2024-06-26,sentinel2,20240626T073619_20240626T075436_T37MCU,POST,0.0,2.780545,True,True,OUT_OF_SEASON|POST_INTERVENTION
2024-07-01,sentinel2,20240701T073621_20240701T075911_T37MCU,POST,100.0,52.256066,True,False,HIGH_AOI_CLOUD|POST_INTERVENTION
2024-08-05,sentinel2,20240805T073619_20240805T075902_T37MCU,POST,0.0,56.368548,True,True,POST_INTERVENTION
2024-08-30,sentinel2,20240830T073611_20240830T075015_T37MCU,POST,87.92,52.220863,True,False,HIGH_AOI_CLOUD|POST_INTERVENTION
2024-09-09,sentinel2,20240909T073611_20240909T075950_T37MCU,POST,0.0,23.322819,True,True,POST_INTERVENTION
2024-09-14,sentinel2,20240914T073609_20240914T075345_T37MCU,POST,0.0,7.943746,True,True,POST_INTERVENTION
2024-09-19,sentinel2,20240919T073611_20240919T075705_T37MCU,POST,0.0,50.917667,True,True,POST_INTERVENTION
2024-09-24,sentinel2,20240924T073609_20240924T075612_T37MCU,POST,0.0,37.108698,True,True,POST_INTERVENTION
2024-09-29,sentinel2,20240929T073721_20240929T075438_T37MCU,POST,10.95,11.765173,True,True,POST_INTERVENTION
2024-10-04,sentinel2,20241004T073659_20241004T075531_T37MCU,POST,0.0,14.512056,True,True,OUT_OF_SEASON|POST_INTERVENTION
2024-10-09,sentinel2,20241009T073821_20241009T075433_T37MCU,POST,0.0,4.97083,True,True,OUT_OF_SEASON|POST_INTERVENTION
2024-10-14,sentinel2,20241014T073759_20241014T075813_T37MCU,POST,0.0,8.89148,True,True,OUT_OF_SEASON|POST_INTERVENTION
2024-10-24,sentinel2,20241024T073909_20241024T075434_T37MCU,POST,8.04,19.428943,True,True,OUT_OF_SEASON|POST_INTERVENTION
2024-10-29,sentinel2,20241029T074031_20241029T075434_T37MCU,POST,39.2,18.082325,True,False,OUT_OF_SEASON|HIGH_AOI_CLOUD|POST_INTERVENTION
2024-11-03,sentinel2,20241103T074009_20241103T075433_T37MCU,POST,43.12,9.330838,True,False,OUT_OF_SEASON|HIGH_AOI_CLOUD|POST_INTERVENTION
2024-11-08,sentinel2,20241108T074121_20241108T075433_T37MCU,POST,100.0,57.841522,True,False,OUT_OF_SEASON|HIGH_AOI_CLOUD|POST_INTERVENTION
2024-11-18,sentinel2,20241118T074211_20241118T075516_T37MCU,POST,98.44,36.695975,True,False,OUT_OF_SEASON|HIGH_AOI_CLOUD|POST_INTERVENTION
2024-11-23,sentinel2,20241123T074139_20241123T075435_T37MCU,POST,10.07,42.172033,True,True,OUT_OF_SEASON|POST_INTERVENTION
2024-11-28,sentinel2,20241128T074251_20241128T075515_T37MCU,POST,0.0,34.115288,True,True,OUT_OF_SEASON|POST_INTERVENTION
2024-12-08,sentinel2,20241208T074321_20241208T075544_T37MCU,POST,0.0,11.365075,True,True,OUT_OF_SEASON|POST_INTERVENTION
2024-12-13,sentinel2,20241213T074229_20241213T075457_T37MCU,POST,0.0,4.916181,True,True,OUT_OF_SEASON|POST_INTERVENTION
2024-12-18,sentinel2,20241218T074331_20241218T075552_T37MCU,POST,25.18,44.586605,True,False,OUT_OF_SEASON|HIGH_AOI_CLOUD|POST_INTERVENTION
2024-12-23,sentinel2,20241223T074239_20241223T075503_T37MCU,POST,0.0,46.799141,True,True,OUT_OF_SEASON|POST_INTERVENTION
2024-12-28,sentinel2,20241228T074331_20241228T075554_T37MCU,POST,0.0,32.17397,True,True,OUT_OF_SEASON|POST_INTERVENTION
2025-01-02,sentinel2,20250102T074229_20250102T075242_T37MCU,POST,63.81,43.24514,True,False,OUT_OF_SEASON|HIGH_AOI_CLOUD|POST_INTERVENTION
2025-01-07,sentinel2,20250107T074311_20250107T075024_T37MCU,POST,0.0,12.533541,True,True,OUT_OF_SEASON|POST_INTERVENTION
2025-01-17,sentinel2,20250117T074241_20250117T075413_T37MCU,POST,100.0,43.857002,True,False,OUT_OF_SEASON|HIGH_AOI_CLOUD|POST_INTERVENTION
2025-01-22,sentinel2,20250122T074129_20250122T080016_T37MCU,POST,0.0,2.418702,True,True,OUT_OF_SEASON|POST_INTERVENTION
2025-02-01,sentinel2,20250201T074039_20250201T075436_T37MCU,POST,100.0,42.976844,True,False,OUT_OF_SEASON|HIGH_AOI_CLOUD|POST_INTERVENTION
2025-02-06,sentinel2,20250206T074131_20250206T075026_T37MCU,POST,100.0,46.745372,True,False,OUT_OF_SEASON|HIGH_AOI_CLOUD|POST_INTERVENTION
2025-02-11,sentinel2,20250211T073939_20250211T075439_T37MCU,POST,55.89,53.35362,True,False,OUT_OF_SEASON|HIGH_AOI_CLOUD|POST_INTERVENTION
2025-02-16,sentinel2,20250216T074031_20250216T075026_T37MCU,POST,4.32,13.615362,True,True,OUT_OF_SEASON|POST_INTERVENTION
2025-02-21,sentinel2,20250221T073839_20250221T075339_T37MCU,POST,0.0,3.276044,True,True,OUT_OF_SEASON|POST_INTERVENTION
2025-02-26,sentinel2,20250226T073921_20250226T075026_T37MCU,POST,38.83,17.915452,True,False,OUT_OF_SEASON|HIGH_AOI_CLOUD|POST_INTERVENTION
2025-03-03,sentinel2,20250303T073729_20250303T075920_T37MCU,POST,0.0,4.147538,True,True,OUT_OF_SEASON|POST_INTERVENTION
2025-03-08,sentinel2,20250308T073801_20250308T080039_T37MCU,POST,100.0,57.647455,True,False,OUT_OF_SEASON|HIGH_AOI_CLOUD|POST_INTERVENTION
2025-03-30,sentinel2,20250330T074021_20250330T075655_T37MCU,POST,0.46,55.719829,True,True,OUT_OF_SEASON|POST_INTERVENTION
2025-04-07,sentinel2,20250407T073641_20250407T075228_T37MCU,POST,71.5,54.551446,True,False,OUT_OF_SEASON|HIGH_AOI_CLOUD|POST_INTERVENTION
2025-04-09,sentinel2,20250409T075441_20250409T075444_T37MCU,POST,0.0,16.975679,True,True,OUT_OF_SEASON|POST_INTERVENTION
2025-04-17,sentinel2,20250417T073631_20250417T075435_T37MCU,POST,67.83,31.188703,True,False,OUT_OF_SEASON|HIGH_AOI_CLOUD|POST_INTERVENTION
2025-04-19,sentinel2,20250419T074021_20250419T075659_T37MCU,POST,100.0,57.063955,True,False,OUT_OF_SEASON|HIGH_AOI_CLOUD|POST_INTERVENTION
2025-04-27,sentinel2,20250427T073641_20250427T075727_T37MCU,POST,0.0,14.931192,True,True,OUT_OF_SEASON|POST_INTERVENTION
2025-04-29,sentinel2,20250429T075451_20250429T075445_T37MCU,POST,83.14,59.093219,True,False,OUT_OF_SEASON|HIGH_AOI_CLOUD|POST_INTERVENTION
2025-05-02,sentinel2,20250502T073619_20250502T075142_T37MCU,POST,91.73,39.820448,True,False,OUT_OF_SEASON|HIGH_AOI_CLOUD|POST_INTERVENTION
2025-05-07,sentinel2,20250507T073631_20250507T075457_T37MCU,POST,7.11,45.163915,True,True,OUT_OF_SEASON|POST_INTERVENTION
2025-05-12,sentinel2,20250512T073619_20250512T075623_T37MCU,POST,0.0,53.174907,True,True,OUT_OF_SEASON|POST_INTERVENTION
2025-05-17,sentinel2,20250517T073631_20250517T075027_T37MCU,POST,17.36,54.946214,True,True,OUT_OF_SEASON|POST_INTERVENTION
2025-05-22,sentinel2,20250522T073619_20250522T075308_T37MCU,POST,100.0,47.563428,True,False,OUT_OF_SEASON|HIGH_AOI_CLOUD|POST_INTERVENTION
2025-06-06,sentinel2,20250606T073631_20250606T075453_T37MCU,POST,100.0,58.027512,True,False,OUT_OF_SEASON|HIGH_AOI_CLOUD|POST_INTERVENTION
2025-06-11,sentinel2,20250611T073609_20250611T075145_T37MCU,POST,81.44,57.666278,True,False,OUT_OF_SEASON|HIGH_AOI_CLOUD|POST_INTERVENTION
2025-06-16,sentinel2,20250616T073631_20250616T075452_T37MCU,POST,98.18,32.89665,True,False,OUT_OF_SEASON|HIGH_AOI_CLOUD|POST_INTERVENTION
2025-06-18,sentinel2,20250618T074021_20250618T074501_T37MCU,POST,100.0,24.315357,True,False,OUT_OF_SEASON|HIGH_AOI_CLOUD|POST_INTERVENTION
2025-07-01,sentinel2,20250701T073619_20250701T075258_T37MCU,POST,84.43,47.570875,True,False,HIGH_AOI_CLOUD|POST_INTERVENTION
2025-07-11,sentinel2,20250711T073619_20250711T075042_T37MCU,POST,80.2,37.562159,True,False,HIGH_AOI_CLOUD|POST_INTERVENTION
2025-07-26,sentinel2,20250726T073641_20250726T075926_T37MCU,POST,0.0,44.391081,True,True,POST_INTERVENTION
2025-07-31,sentinel2,20250731T073609_20250731T075848_T37MCU,POST,36.96,44.821787,True,False,HIGH_AOI_CLOUD|POST_INTERVENTION
2025-08-10,sentinel2,20250810T073619_20250810T074910_T37MCU,POST,2.25,36.948034,True,True,POST_INTERVENTION
2025-08-25,sentinel2,20250825T073631_20250825T075919_T37MCU,POST,0.0,24.254863,True,True,POST_INTERVENTION
2025-08-27,sentinel2,20250827T075451_20250827T075446_T37MCU,POST,38.37,50.27107,True,False,HIGH_AOI_CLOUD|POST_INTERVENTION
2025-08-30,sentinel2,20250830T073619_20250830T074927_T37MCU,POST,100.0,30.478081,True,False,HIGH_AOI_CLOUD|POST_INTERVENTION
2025-09-06,sentinel2,20250906T074021_20250906T075728_T37MCU,POST,0.0,0.513674,True,True,POST_INTERVENTION
2025-09-14,sentinel2,20250914T073631_20250914T075740_T37MCU,POST,0.0,0.036068,True,True,POST_INTERVENTION
2025-09-16,sentinel2,20250916T075451_20250916T075445_T37MCU,POST,0.0,3.195271,True,True,POST_INTERVENTION
2025-09-19,sentinel2,20250919T073609_20250919T075905_T37MCU,POST,0.0,27.618393,True,True,POST_INTERVENTION
2025-09-26,sentinel2,20250926T074031_20250926T074504_T37MCU,POST,8.72,5.827081,True,True,POST_INTERVENTION
2025-09-29,sentinel2,20250929T073619_20250929T075610_T37MCU,POST,0.0,0.816656,True,True,POST_INTERVENTION
2025-10-14,sentinel2,20251014T073911_20251014T075013_T37MCU,POST,100.0,58.519512,True,False,OUT_OF_SEASON|HIGH_AOI_CLOUD|POST_INTERVENTION
2025-10-19,sentinel2,20251019T073839_20251019T075436_T37MCU,POST,5.58,4.622579,True,True,OUT_OF_SEASON|POST_INTERVENTION
2025-10-26,sentinel2,20251026T074031_20251026T074506_T37MCU,POST,23.95,30.265683,True,False,OUT_OF_SEASON|HIGH_AOI_CLOUD|POST_INTERVENTION
2025-11-03,sentinel2,20251103T075541_20251103T075542_T37MCU,POST,0.0,53.347236,True,True,OUT_OF_SEASON|POST_INTERVENTION
2025-11-05,sentinel2,20251105T075451_20251105T075447_T37MCU,POST,13.39,36.837336,True,True,OUT_OF_SEASON|POST_INTERVENTION
2025-11-15,sentinel2,20251115T074221_20251115T074505_T37MCU,POST,98.66,31.537849,True,False,OUT_OF_SEASON|HIGH_AOI_CLOUD|POST_INTERVENTION
2025-11-25,sentinel2,20251125T075451_20251125T075448_T37MCU,POST,100.0,49.083406,True,False,OUT_OF_SEASON|HIGH_AOI_CLOUD|POST_INTERVENTION
2025-11-28,sentinel2,20251128T074149_20251128T075414_T37MCU,POST,100.0,48.82046,True,False,OUT_OF_SEASON|HIGH_AOI_CLOUD|POST_INTERVENTION
2025-12-05,sentinel2,20251205T074321_20251205T074505_T37MCU,POST,9.19,46.40829,True,True,OUT_OF_SEASON|POST_INTERVENTION
2025-12-08,sentinel2,20251208T074219_20251208T075357_T37MCU,POST,65.63,55.246466,True,False,OUT_OF_SEASON|HIGH_AOI_CLOUD|POST_INTERVENTION
2025-12-18,sentinel2,20251218T074229_20251218T075457_T37MCU,POST,4.4,58.285052,True,True,OUT_OF_SEASON|POST_INTERVENTION
2025-12-23,sentinel2,20251223T074341_20251223T075130_T37MCU,POST,92.04,53.43442,True,False,OUT_OF_SEASON|HIGH_AOI_CLOUD|POST_INTERVENTION
2025-12-25,sentinel2,20251225T074351_20251225T074507_T37MCU,POST,36.76,37.295592,True,False,OUT_OF_SEASON|HIGH_AOI_CLOUD|POST_INTERVENTION
